label,leftEyebrow,rightEyebrow,leftLip,rightLip,lipHeight,eye,openmouth,mouthline
anger, 6.78151025432985, 5.905332177222547, 5.079836499089839, 5.126368382481282, 2.8079557305298426, 0.7882049025004804,4.463052293155846,0.9838878711699535,1.5903520068895922
disgust, 6.145637746965635, 5.806006708701555, 6.3554501642494206, 6.45317504114014, 4.116765125926037, 1.7735010917529708,4.428212731852071,1.388066182461865,1.8015378046375996
fear, 5.429356044132337, 5.207103752667653, 5.5064093957761004, 5.644570104433124, 2.7917604208256313, 1.3553141170032772,4.523535367838619,1.113036543370476,1.4406376409163018
joy, 6.030609095854214, 5.676211347978629, 6.833559590993273, 7.308972393247238, 5.306890815605251, 1.8771268338113418,4.493624012703979,1.608945580917186,1.787125003243747
neutral, 5.98803691248122, 5.630824584673268, 5.706939188261007, 5.899762210307548, 3.4456541368669122, 1.425732413870726,4.470771678989923,1.2206438246699447,1.6564051549160081
sadness, 5.45405580900698, 5.341331517899529, 5.62967107209905, 5.624076346518457, 3.111925582014147, 0.8217113013641417,4.445681484288228,1,1.457737973711325
surprise, 5.782803216948087, 5.639236402800164, 5.876411581583202, 6.171012508041788, 3.042652125820973, 2.2487109709626614,4.510674396322532,1.5290552405887285,1.5558839281213401
